Date,Daily Emissions (Kg Methane),Daily Mitigable Emissions (Kg Methane),Daily Non-Mitigable Emissions (Kg Methane),Daily Cost ($),Active Leaks,New Leaks,Leaks Repaired,Leaks Naturally Repaired,Leaks Tagged,Daily Repair Cost ($),Daily Natural Repair Cost ($),truck Deployment Cost ($),truck Sites flagged for Follow-Up,truck Leaks tagged for repair,truck Sites Visited,truck Travel Time (Minutes),truck Survey Time (Minutes),OGI_FU Deployment Cost ($),OGI_FU Sites flagged for Follow-Up,OGI_FU Leaks tagged for repair,OGI_FU Sites Visited,OGI_FU Travel Time (Minutes),OGI_FU Survey Time (Minutes)
2022-01-01,49125.28667,9899.68667,39225.60000,400.00000,369,373,0,1,0.00000,0.00000,200.00000,400.00000,0,,10,180,270,0.00000,,0,0,0,0
2022-01-02,49126.16458,9900.56458,39225.60000,400.00000,370,1,0,0,0.00000,0.00000,0.00000,400.00000,0,,1,20,30,0.00000,,0,0,0,0
2022-01-03,49126.16458,9900.56458,39225.60000,1000.00000,370,0,0,0,74.00000,0.00000,0.00000,0.00000,9,,0,0,0,1000.00000,,74,3,120,360
2022-01-04,49126.16458,9900.56458,39225.60000,1000.00000,370,0,0,0,67.00000,0.00000,0.00000,0.00000,1,,0,0,0,1000.00000,,67,3,120,360
2022-01-05,49126.16458,9900.56458,39225.60000,1000.00000,370,0,0,0,79.00000,0.00000,0.00000,0.00000,0,,0,0,0,1000.00000,,79,3,120,360
2022-01-06,49212.56458,9900.56458,39312.00000,500.00000,371,1,0,0,24.00000,0.00000,0.00000,0.00000,0,,0,0,0,500.00000,,24,1,30,120
2022-01-07,49212.56458,9900.56458,39312.00000,0.00000,371,0,0,0,0.00000,0.00000,0.00000,0.00000,0,,0,0,0,0.00000,,0,0,0,0
2022-01-08,48443.54176,9995.54176,38448.00000,0.00000,370,1,0,1,0.00000,0.00000,200.00000,0.00000,0,,0,0,0,0.00000,,0,0,0,0
2022-01-09,48445.12796,9997.12796,38448.00000,0.00000,371,1,0,0,0.00000,0.00000,0.00000,0.00000,0,,0,0,0,0.00000,,0,0,0,0
2022-01-10,47827.43234,10243.43234,37584.00000,0.00000,374,4,0,0,0.00000,0.00000,0.00000,0.00000,0,,0,0,0,0.00000,,0,0,0,0
2022-01-11,47827.43234,10243.43234,37584.00000,0.00000,374,0,0,0,0.00000,0.00000,0.00000,0.00000,0,,0,0,0,0.00000,,0,0,0,0
2022-01-12,47827.43234,10243.43234,37584.00000,0.00000,374,0,0,0,0.00000,0.00000,0.00000,0.00000,0,,0,0,0,0.00000,,0,0,0,0
2022-01-13,47827.43234,10243.43234,37584.00000,0.00000,374,0,0,0,0.00000,0.00000,0.00000,0.00000,0,,0,0,0,0.00000,,0,0,0,0
2022-01-14,47837.70503,10253.70503,37584.00000,0.00000,375,1,0,0,0.00000,0.00000,0.00000,0.00000,0,,0,0,0,0.00000,,0,0,0,0
2022-01-15,48299.17682,10715.17682,37584.00000,0.00000,377,2,0,0,0.00000,0.00000,0.00000,0.00000,0,,0,0,0,0.00000,,0,0,0,0
2022-01-16,48543.00194,10959.00194,37584.00000,0.00000,379,2,0,0,0.00000,0.00000,0.00000,0.00000,0,,0,0,0,0.00000,,0,0,0,0
2022-01-17,48630.82250,11046.82250,37584.00000,0.00000,381,2,0,0,0.00000,0.00000,0.00000,0.00000,0,,0,0,0,0.00000,,0,0,0,0
2022-01-18,46643.96837,9059.96837,37584.00000,12400.00000,320,1,62,0,0.00000,12400.00000,0.00000,0.00000,0,,0,0,0,0.00000,,0,0,0,0
2022-01-19,43664.50021,6080.50021,37584.00000,12400.00000,258,0,62,0,0.00000,12400.00000,0.00000,0.00000,0,,0,0,0,0.00000,,0,0,0,0
2022-01-20,40345.10189,2847.50189,37497.60000,14600.00000,185,1,73,0,0.00000,14600.00000,0.00000,0.00000,0,,0,0,0,0.00000,,0,0,0,0
2022-01-21,38671.14773,1173.54773,37497.60000,4400.00000,163,0,22,0,0.00000,4400.00000,0.00000,0.00000,0,,0,0,0,0.00000,,0,0,0,0
2022-01-22,38673.28209,1175.68209,37497.60000,0.00000,164,1,0,0,0.00000,0.00000,0.00000,0.00000,0,,0,0,0,0.00000,,0,0,0,0
2022-01-23,38675.28088,1177.68088,37497.60000,0.00000,165,1,0,0,0.00000,0.00000,0.00000,0.00000,0,,0,0,0,0.00000,,0,0,0,0
2022-01-24,38604.50627,1193.30627,37411.20000,0.00000,166,2,0,0,0.00000,0.00000,0.00000,0.00000,0,,0,0,0,0.00000,,0,0,0,0
2022-01-25,38502.60686,1195.08686,37307.52000,0.00000,166,1,0,0,0.00000,0.00000,0.00000,0.00000,0,,0,0,0,0.00000,,0,0,0,0
2022-01-26,38502.60686,1195.08686,37307.52000,0.00000,166,0,0,0,0.00000,0.00000,0.00000,0.00000,0,,0,0,0,0.00000,,0,0,0,0
2022-01-27,38504.78477,1197.26477,37307.52000,0.00000,167,1,0,0,0.00000,0.00000,0.00000,0.00000,0,,0,0,0,0.00000,,0,0,0,0
2022-01-28,38519.05391,1211.53391,37307.52000,0.00000,169,2,0,0,0.00000,0.00000,0.00000,0.00000,0,,0,0,0,0.00000,,0,0,0,0
2022-01-29,37658.94831,1215.42831,36443.52000,0.00000,169,1,0,0,0.00000,0.00000,0.00000,0.00000,0,,0,0,0,0.00000,,0,0,0,0
2022-01-30,37671.62248,1228.10248,36443.52000,0.00000,170,1,0,0,0.00000,0.00000,0.00000,0.00000,0,,0,0,0,0.00000,,0,0,0,0
2022-01-31,37671.62248,1228.10248,36443.52000,0.00000,170,0,0,0,0.00000,0.00000,0.00000,0.00000,0,,0,0,0,0.00000,,0,0,0,0
2022-02-01,37654.68858,1228.44858,36426.24000,0.00000,171,2,0,0,0.00000,0.00000,0.00000,0.00000,0,,0,0,0,0.00000,,0,0,0,0
2022-02-02,37948.44858,1228.44858,36720.00000,0.00000,172,1,0,0,0.00000,0.00000,0.00000,0.00000,0,,0,0,0,0.00000,,0,0,0,0
2022-02-03,37654.68858,1228.44858,36426.24000,0.00000,171,0,0,0,0.00000,0.00000,0.00000,0.00000,0,,0,0,0,0.00000,,0,0,0,0
2022-02-04,37696.51600,1270.27600,36426.24000,0.00000,172,1,0,0,0.00000,0.00000,0.00000,0.00000,0,,0,0,0,0.00000,,0,0,0,0
2022-02-05,37782.86453,1270.22453,36512.64000,0.00000,173,2,0,1,0.00000,0.00000,200.00000,0.00000,0,,0,0,0,0.00000,,0,0,0,0
2022-02-06,37782.86453,1270.22453,36512.64000,0.00000,173,0,0,0,0.00000,0.00000,0.00000,0.00000,0,,0,0,0,0.00000,,0,0,0,0
2022-02-07,38144.73257,1338.33257,36806.40000,0.00000,175,2,0,0,0.00000,0.00000,0.00000,0.00000,0,,0,0,0,0.00000,,0,0,0,0
2022-02-08,38148.89875,1342.49875,36806.40000,0.00000,176,2,0,1,0.00000,0.00000,200.00000,0.00000,0,,0,0,0,0.00000,,0,0,0,0
2022-02-09,37285.65851,1343.25851,35942.40000,0.00000,178,3,0,0,0.00000,0.00000,0.00000,0.00000,0,,0,0,0,0.00000,,0,0,0,0
2022-02-10,37285.65851,1343.25851,35942.40000,0.00000,178,0,0,0,0.00000,0.00000,0.00000,0.00000,0,,0,0,0,0.00000,,0,0,0,0
2022-02-11,37389.33851,1343.25851,36046.08000,0.00000,179,1,0,0,0.00000,0.00000,0.00000,0.00000,0,,0,0,0,0.00000,,0,0,0,0
2022-02-12,37494.31276,1361.83276,36132.48000,0.00000,181,2,0,0,0.00000,0.00000,0.00000,0.00000,0,,0,0,0,0.00000,,0,0,0,0
2022-02-13,37494.31276,1361.83276,36132.48000,0.00000,181,0,0,0,0.00000,0.00000,0.00000,0.00000,0,,0,0,0,0.00000,,0,0,0,0
2022-02-14,37477.03276,1361.83276,36115.20000,0.00000,181,1,0,0,0.00000,0.00000,0.00000,0.00000,0,,0,0,0,0.00000,,0,0,0,0
2022-02-15,37183.27276,1361.83276,35821.44000,0.00000,180,0,0,0,0.00000,0.00000,0.00000,0.00000,0,,0,0,0,0.00000,,0,0,0,0
2022-02-16,35939.11276,1361.83276,34577.28000,0.00000,177,0,0,0,0.00000,0.00000,0.00000,0.00000,0,,0,0,0,0.00000,,0,0,0,0
2022-02-17,35854.06638,1363.18638,34490.88000,0.00000,177,1,0,0,0.00000,0.00000,0.00000,0.00000,0,,0,0,0,0.00000,,0,0,0,0
2022-02-18,35854.06638,1363.18638,34490.88000,0.00000,177,0,0,0,0.00000,0.00000,0.00000,0.00000,0,,0,0,0,0.00000,,0,0,0,0
2022-02-19,35854.12972,1363.24972,34490.88000,0.00000,178,1,0,0,0.00000,0.00000,0.00000,0.00000,0,,0,0,0,0.00000,,0,0,0,0
2022-02-20,36717.92413,1363.04413,35354.88000,0.00000,179,2,0,1,0.00000,0.00000,200.00000,0.00000,0,,0,0,0,0.00000,,0,0,0,0
2022-02-21,36273.32462,1402.28462,34871.04000,0.00000,178,2,0,0,0.00000,0.00000,0.00000,0.00000,0,,0,0,0,0.00000,,0,0,0,0
2022-02-22,37137.32462,1402.28462,35735.04000,0.00000,179,1,0,0,0.00000,0.00000,0.00000,0.00000,0,,0,0,0,0.00000,,0,0,0,0
2022-02-23,38001.32462,1402.28462,36599.04000,0.00000,180,1,0,0,0.00000,0.00000,0.00000,0.00000,0,,0,0,0,0.00000,,0,0,0,0
2022-02-24,38001.32462,1402.28462,36599.04000,0.00000,180,0,0,0,0.00000,0.00000,0.00000,0.00000,0,,0,0,0,0.00000,,0,0,0,0
2022-02-25,38001.32462,1402.28462,36599.04000,0.00000,180,0,0,0,0.00000,0.00000,0.00000,0.00000,0,,0,0,0,0.00000,,0,0,0,0
2022-02-26,38001.32462,1402.28462,36599.04000,0.00000,180,0,0,0,0.00000,0.00000,0.00000,0.00000,0,,0,0,0,0.00000,,0,0,0,0
2022-02-27,38004.40261,1405.36261,36599.04000,0.00000,181,1,0,0,0.00000,0.00000,0.00000,0.00000,0,,0,0,0,0.00000,,0,0,0,0
2022-02-28,37900.72261,1405.36261,36495.36000,0.00000,180,0,0,0,0.00000,0.00000,0.00000,0.00000,0,,0,0,0,0.00000,,0,0,0,0
2022-03-01,37900.72261,1405.36261,36495.36000,0.00000,180,0,0,0,0.00000,0.00000,0.00000,0.00000,0,,0,0,0,0.00000,,0,0,0,0
2022-03-02,37902.96073,1407.60073,36495.36000,0.00000,182,2,0,0,0.00000,0.00000,0.00000,0.00000,0,,0,0,0,0.00000,,0,0,0,0
2022-03-03,37902.96073,1407.60073,36495.36000,0.00000,182,0,0,0,0.00000,0.00000,0.00000,0.00000,0,,0,0,0,0.00000,,0,0,0,0
2022-03-04,37902.96073,1407.60073,36495.36000,0.00000,182,0,0,0,0.00000,0.00000,0.00000,0.00000,0,,0,0,0,0.00000,,0,0,0,0
2022-03-05,37814.59041,1422.91041,36391.68000,0.00000,183,2,0,0,0.00000,0.00000,0.00000,0.00000,0,,0,0,0,0.00000,,0,0,0,0
2022-03-06,38678.59041,1422.91041,37255.68000,0.00000,184,1,0,0,0.00000,0.00000,0.00000,0.00000,0,,0,0,0,0.00000,,0,0,0,0
2022-03-07,38678.55221,1422.87221,37255.68000,0.00000,183,0,0,1,0.00000,0.00000,200.00000,0.00000,0,,0,0,0,0.00000,,0,0,0,0
2022-03-08,38678.55221,1422.87221,37255.68000,0.00000,183,0,0,0,0.00000,0.00000,0.00000,0.00000,0,,0,0,0,0.00000,,0,0,0,0
2022-03-09,38972.31221,1422.87221,37549.44000,0.00000,184,1,0,0,0.00000,0.00000,0.00000,0.00000,0,,0,0,0,0.00000,,0,0,0,0
2022-03-10,39150.66701,1497.54701,37653.12000,0.00000,186,2,0,0,0.00000,0.00000,0.00000,0.00000,0,,0,0,0,0.00000,,0,0,0,0
2022-03-11,39254.52985,1497.72985,37756.80000,0.00000,188,2,0,0,0.00000,0.00000,0.00000,0.00000,0,,0,0,0,0.00000,,0,0,0,0
2022-03-12,39340.92985,1497.72985,37843.20000,0.00000,189,1,0,0,0.00000,0.00000,0.00000,0.00000,0,,0,0,0,0.00000,,0,0,0,0
2022-03-13,39340.92985,1497.72985,37843.20000,0.00000,189,0,0,0,0.00000,0.00000,0.00000,0.00000,0,,0,0,0,0.00000,,0,0,0,0
2022-03-14,39340.92985,1497.72985,37843.20000,0.00000,189,0,0,0,0.00000,0.00000,0.00000,0.00000,0,,0,0,0,0.00000,,0,0,0,0
2022-03-15,39342.41732,1499.21732,37843.20000,0.00000,190,1,0,0,0.00000,0.00000,0.00000,0.00000,0,,0,0,0,0.00000,,0,0,0,0
2022-03-16,39342.28527,1499.08527,37843.20000,0.00000,188,0,0,2,0.00000,0.00000,400.00000,0.00000,0,,0,0,0,0.00000,,0,0,0,0
2022-03-17,39428.68527,1499.08527,37929.60000,0.00000,189,1,0,0,0.00000,0.00000,0.00000,0.00000,0,,0,0,0,0.00000,,0,0,0,0
2022-03-18,39432.29048,1502.69048,37929.60000,0.00000,190,1,0,0,0.00000,0.00000,0.00000,0.00000,0,,0,0,0,0.00000,,0,0,0,0
2022-03-19,39432.29048,1502.69048,37929.60000,0.00000,190,0,0,0,0.00000,0.00000,0.00000,0.00000,0,,0,0,0,0.00000,,0,0,0,0
2022-03-20,39464.68220,1535.08220,37929.60000,0.00000,191,1,0,0,0.00000,0.00000,0.00000,0.00000,0,,0,0,0,0.00000,,0,0,0,0
2022-03-21,39464.51310,1534.91310,37929.60000,0.00000,190,0,0,1,0.00000,0.00000,200.00000,0.00000,0,,0,0,0,0.00000,,0,0,0,0
2022-03-22,39464.29911,1534.69911,37929.60000,0.00000,189,0,0,1,0.00000,0.00000,200.00000,0.00000,0,,0,0,0,0.00000,,0,0,0,0
2022-03-23,39464.29911,1534.69911,37929.60000,0.00000,189,0,0,0,0.00000,0.00000,0.00000,0.00000,0,,0,0,0,0.00000,,0,0,0,0
2022-03-24,40270.89823,1580.97823,38689.92000,0.00000,192,4,0,0,0.00000,0.00000,0.00000,0.00000,0,,0,0,0,0.00000,,0,0,0,0
2022-03-25,40174.17462,1587.93462,38586.24000,0.00000,191,1,0,1,0.00000,0.00000,200.00000,0.00000,0,,0,0,0,0.00000,,0,0,0,0
2022-03-26,40484.34727,1604.34727,38880.00000,0.00000,193,2,0,0,0.00000,0.00000,0.00000,0.00000,0,,0,0,0,0.00000,,0,0,0,0
2022-03-27,41352.14590,1608.14590,39744.00000,0.00000,195,2,0,0,0.00000,0.00000,0.00000,0.00000,0,,0,0,0,0.00000,,0,0,0,0
2022-03-28,41060.62417,1610.38417,39450.24000,0.00000,195,1,0,0,0.00000,0.00000,0.00000,0.00000,0,,0,0,0,0.00000,,0,0,0,0
2022-03-29,40804.05091,1647.57091,39156.48000,0.00000,195,1,0,0,0.00000,0.00000,0.00000,0.00000,0,,0,0,0,0.00000,,0,0,0,0
2022-03-30,40717.65091,1647.57091,39070.08000,0.00000,194,0,0,0,0.00000,0.00000,0.00000,0.00000,0,,0,0,0,0.00000,,0,0,0,0
2022-03-31,40717.65091,1647.57091,39070.08000,0.00000,194,0,0,0,0.00000,0.00000,0.00000,0.00000,0,,0,0,0,0.00000,,0,0,0,0
2022-04-01,40718.58185,1648.50185,39070.08000,0.00000,195,1,0,0,0.00000,0.00000,0.00000,0.00000,0,,0,0,0,0.00000,,0,0,0,0
2022-04-02,40731.02969,1660.94969,39070.08000,0.00000,196,1,0,0,0.00000,0.00000,0.00000,0.00000,0,,0,0,0,0.00000,,0,0,0,0
2022-04-03,40731.02969,1660.94969,39070.08000,0.00000,196,0,0,0,0.00000,0.00000,0.00000,0.00000,0,,0,0,0,0.00000,,0,0,0,0
2022-04-04,40460.01618,1683.69618,38776.32000,0.00000,196,1,0,0,0.00000,0.00000,0.00000,0.00000,0,,0,0,0,0.00000,,0,0,0,0
2022-04-05,39612.35865,1700.03865,37912.32000,0.00000,197,2,0,0,0.00000,0.00000,0.00000,0.00000,0,,0,0,0,0.00000,,0,0,0,0
2022-04-06,39612.03325,1699.71325,37912.32000,0.00000,196,0,0,1,0.00000,0.00000,200.00000,0.00000,0,,0,0,0,0.00000,,0,0,0,0
2022-04-07,40487.87888,1711.55888,38776.32000,0.00000,198,2,0,0,0.00000,0.00000,0.00000,0.00000,0,,0,0,0,0.00000,,0,0,0,0
2022-04-08,40495.67170,1719.35170,38776.32000,0.00000,199,1,0,0,0.00000,0.00000,0.00000,0.00000,0,,0,0,0,0.00000,,0,0,0,0
2022-04-09,40790.09654,1720.01654,39070.08000,0.00000,202,3,0,0,0.00000,0.00000,0.00000,0.00000,0,,0,0,0,0.00000,,0,0,0,0
2022-04-10,40893.77654,1720.01654,39173.76000,0.00000,203,1,0,0,0.00000,0.00000,0.00000,0.00000,0,,0,0,0,0.00000,,0,0,0,0
2022-04-11,40688.49329,1722.09329,38966.40000,0.00000,204,3,0,1,0.00000,0.00000,200.00000,0.00000,0,,0,0,0,0.00000,,0,0,0,0
2022-04-12,40982.25329,1722.09329,39260.16000,0.00000,205,1,0,0,0.00000,0.00000,0.00000,0.00000,0,,0,0,0,0.00000,,0,0,0,0
2022-04-13,40943.16392,1769.40392,39173.76000,0.00000,205,1,0,0,0.00000,0.00000,0.00000,0.00000,0,,0,0,0,0.00000,,0,0,0,0
2022-04-14,40943.16392,1769.40392,39173.76000,0.00000,205,0,0,0,0.00000,0.00000,0.00000,0.00000,0,,0,0,0,0.00000,,0,0,0,0
2022-04-15,41050.86747,1773.42747,39277.44000,0.00000,207,2,0,0,0.00000,0.00000,0.00000,0.00000,0,,0,0,0,0.00000,,0,0,0,0
2022-04-16,41052.78128,1775.34128,39277.44000,0.00000,208,1,0,0,0.00000,0.00000,0.00000,0.00000,0,,0,0,0,0.00000,,0,0,0,0
2022-04-17,41052.78128,1775.34128,39277.44000,0.00000,208,0,0,0,0.00000,0.00000,0.00000,0.00000,0,,0,0,0,0.00000,,0,0,0,0
2022-04-18,41062.33985,1871.29985,39191.04000,0.00000,211,4,0,0,0.00000,0.00000,0.00000,0.00000,0,,0,0,0,0.00000,,0,0,0,0
2022-04-19,40664.89985,1871.29985,38793.60000,0.00000,209,0,0,0,0.00000,0.00000,0.00000,0.00000,0,,0,0,0,0.00000,,0,0,0,0
2022-04-20,40664.82984,1871.22984,38793.60000,0.00000,208,0,0,1,0.00000,0.00000,200.00000,0.00000,0,,0,0,0,0.00000,,0,0,0,0
2022-04-21,40627.18471,1919.98471,38707.20000,0.00000,210,3,0,0,0.00000,0.00000,0.00000,0.00000,0,,0,0,0,0.00000,,0,0,0,0
2022-04-22,40627.18471,1919.98471,38707.20000,0.00000,210,0,0,0,0.00000,0.00000,0.00000,0.00000,0,,0,0,0,0.00000,,0,0,0,0
2022-04-23,39763.18471,1919.98471,37843.20000,0.00000,209,0,0,0,0.00000,0.00000,0.00000,0.00000,0,,0,0,0,0.00000,,0,0,0,0
2022-04-24,39780.46471,1919.98471,37860.48000,0.00000,209,1,0,0,0.00000,0.00000,0.00000,0.00000,0,,0,0,0,0.00000,,0,0,0,0
2022-04-25,38937.73434,1941.25434,36996.48000,0.00000,209,1,0,0,0.00000,0.00000,0.00000,0.00000,0,,0,0,0,0.00000,,0,0,0,0
2022-04-26,38951.16647,1954.68647,36996.48000,0.00000,210,1,0,0,0.00000,0.00000,0.00000,0.00000,0,,0,0,0,0.00000,,0,0,0,0
2022-04-27,38864.76647,1954.68647,36910.08000,0.00000,209,0,0,0,0.00000,0.00000,0.00000,0.00000,0,,0,0,0,0.00000,,0,0,0,0
2022-04-28,38905.10218,1995.02218,36910.08000,0.00000,209,1,0,1,0.00000,0.00000,200.00000,0.00000,0,,0,0,0,0.00000,,0,0,0,0
2022-04-29,38999.25281,2089.17281,36910.08000,0.00000,210,1,0,0,0.00000,0.00000,0.00000,0.00000,0,,0,0,0,0.00000,,0,0,0,0
2022-04-30,38895.57281,2089.17281,36806.40000,0.00000,209,0,0,0,0.00000,0.00000,0.00000,0.00000,0,,0,0,0,0.00000,,0,0,0,0
2022-05-01,38895.57281,2089.17281,36806.40000,0.00000,209,0,0,0,0.00000,0.00000,0.00000,0.00000,0,,0,0,0,0.00000,,0,0,0,0
2022-05-02,38812.13447,2109.41447,36702.72000,0.00000,210,2,0,0,0.00000,0.00000,0.00000,0.00000,0,,0,0,0,0.00000,,0,0,0,0
2022-05-03,38812.13447,2109.41447,36702.72000,0.00000,210,0,0,0,0.00000,0.00000,0.00000,0.00000,0,,0,0,0,0.00000,,0,0,0,0
2022-05-04,38915.81447,2109.41447,36806.40000,0.00000,211,1,0,0,0.00000,0.00000,0.00000,0.00000,0,,0,0,0,0.00000,,0,0,0,0
2022-05-05,39003.11930,2110.31930,36892.80000,0.00000,213,2,0,0,0.00000,0.00000,0.00000,0.00000,0,,0,0,0,0.00000,,0,0,0,0
2022-05-06,39003.11930,2110.31930,36892.80000,0.00000,213,0,0,0,0.00000,0.00000,0.00000,0.00000,0,,0,0,0,0.00000,,0,0,0,0
2022-05-07,39003.11930,2110.31930,36892.80000,0.00000,213,0,0,0,0.00000,0.00000,0.00000,0.00000,0,,0,0,0,0.00000,,0,0,0,0
2022-05-08,39296.87930,2110.31930,37186.56000,0.00000,214,1,0,0,0.00000,0.00000,0.00000,0.00000,0,,0,0,0,0.00000,,0,0,0,0
2022-05-09,39300.18806,2113.62806,37186.56000,0.00000,215,1,0,0,0.00000,0.00000,0.00000,0.00000,0,,0,0,0,0.00000,,0,0,0,0
2022-05-10,39593.94806,2113.62806,37480.32000,0.00000,216,1,0,0,0.00000,0.00000,0.00000,0.00000,0,,0,0,0,0.00000,,0,0,0,0
2022-05-11,39594.63174,2114.31174,37480.32000,0.00000,217,1,0,0,0.00000,0.00000,0.00000,0.00000,0,,0,0,0,0.00000,,0,0,0,0
2022-05-12,39508.23174,2114.31174,37393.92000,0.00000,216,0,0,0,0.00000,0.00000,0.00000,0.00000,0,,0,0,0,0.00000,,0,0,0,0
2022-05-13,39508.23174,2114.31174,37393.92000,0.00000,216,0,0,0,0.00000,0.00000,0.00000,0.00000,0,,0,0,0,0.00000,,0,0,0,0
2022-05-14,39508.23174,2114.31174,37393.92000,0.00000,216,0,0,0,0.00000,0.00000,0.00000,0.00000,0,,0,0,0,0.00000,,0,0,0,0
2022-05-15,39508.23174,2114.31174,37393.92000,0.00000,216,0,0,0,0.00000,0.00000,0.00000,0.00000,0,,0,0,0,0.00000,,0,0,0,0
2022-05-16,39512.43487,2118.51487,37393.92000,0.00000,219,3,0,0,0.00000,0.00000,0.00000,0.00000,0,,0,0,0,0.00000,,0,0,0,0
2022-05-17,39218.67487,2118.51487,37100.16000,0.00000,218,0,0,0,0.00000,0.00000,0.00000,0.00000,0,,0,0,0,0.00000,,0,0,0,0
2022-05-18,39218.67487,2118.51487,37100.16000,0.00000,218,0,0,0,0.00000,0.00000,0.00000,0.00000,0,,0,0,0,0.00000,,0,0,0,0
2022-05-19,39100.66028,2276.98028,36823.68000,0.00000,219,3,0,0,0.00000,0.00000,0.00000,0.00000,0,,0,0,0,0.00000,,0,0,0,0
2022-05-20,39105.06718,2281.38718,36823.68000,0.00000,220,1,0,0,0.00000,0.00000,0.00000,0.00000,0,,0,0,0,0.00000,,0,0,0,0
2022-05-21,39026.18643,2288.90643,36737.28000,0.00000,220,1,0,0,0.00000,0.00000,0.00000,0.00000,0,,0,0,0,0.00000,,0,0,0,0
2022-05-22,39026.18643,2288.90643,36737.28000,0.00000,220,0,0,0,0.00000,0.00000,0.00000,0.00000,0,,0,0,0,0.00000,,0,0,0,0
2022-05-23,38165.44267,2292.16267,35873.28000,0.00000,220,1,0,0,0.00000,0.00000,0.00000,0.00000,0,,0,0,0,0.00000,,0,0,0,0
2022-05-24,38165.29570,2292.01570,35873.28000,0.00000,219,0,0,1,0.00000,0.00000,200.00000,0.00000,0,,0,0,0,0.00000,,0,0,0,0
2022-05-25,39895.32994,2294.04994,37601.28000,0.00000,222,3,0,0,0.00000,0.00000,0.00000,0.00000,0,,0,0,0,0.00000,,0,0,0,0
2022-05-26,39895.32994,2294.04994,37601.28000,0.00000,222,0,0,0,0.00000,0.00000,0.00000,0.00000,0,,0,0,0,0.00000,,0,0,0,0
2022-05-27,40189.08994,2294.04994,37895.04000,0.00000,223,1,0,0,0.00000,0.00000,0.00000,0.00000,0,,0,0,0,0.00000,,0,0,0,0
2022-05-28,40206.36994,2294.04994,37912.32000,0.00000,223,1,0,0,0.00000,0.00000,0.00000,0.00000,0,,0,0,0,0.00000,,0,0,0,0
2022-05-29,41074.58948,2298.26948,38776.32000,0.00000,225,2,0,0,0.00000,0.00000,0.00000,0.00000,0,,0,0,0,0.00000,,0,0,0,0
2022-05-30,41140.27780,2363.95780,38776.32000,0.00000,227,2,0,0,0.00000,0.00000,0.00000,0.00000,0,,0,0,0,0.00000,,0,0,0,0
2022-05-31,41142.66748,2366.34748,38776.32000,0.00000,228,1,0,0,0.00000,0.00000,0.00000,0.00000,0,,0,0,0,0.00000,,0,0,0,0
2022-06-01,41142.66748,2366.34748,38776.32000,0.00000,228,0,0,0,0.00000,0.00000,0.00000,0.00000,0,,0,0,0,0.00000,,0,0,0,0
2022-06-02,41142.66748,2366.34748,38776.32000,0.00000,228,0,0,0,0.00000,0.00000,0.00000,0.00000,0,,0,0,0,0.00000,,0,0,0,0
2022-06-03,41146.84339,2370.52339,38776.32000,0.00000,230,2,0,0,0.00000,0.00000,0.00000,0.00000,0,,0,0,0,0.00000,,0,0,0,0
2022-06-04,41452.81713,2572.81713,38880.00000,0.00000,234,4,0,0,0.00000,0.00000,0.00000,0.00000,0,,0,0,0,0.00000,,0,0,0,0
2022-06-05,40588.81713,2572.81713,38016.00000,0.00000,233,0,0,0,0.00000,0.00000,0.00000,0.00000,0,,0,0,0,0.00000,,0,0,0,0
2022-06-06,41018.45780,2812.37780,38206.08000,0.00000,237,6,0,1,0.00000,0.00000,200.00000,0.00000,0,,0,0,0,0.00000,,0,0,0,0
2022-06-07,41122.00935,2829.52935,38292.48000,0.00000,239,2,0,0,0.00000,0.00000,0.00000,0.00000,0,,0,0,0,0.00000,,0,0,0,0
2022-06-08,41122.00935,2829.52935,38292.48000,0.00000,239,0,0,0,0.00000,0.00000,0.00000,0.00000,0,,0,0,0,0.00000,,0,0,0,0
2022-06-09,41122.17038,2829.69038,38292.48000,0.00000,240,1,0,0,0.00000,0.00000,0.00000,0.00000,0,,0,0,0,0.00000,,0,0,0,0
2022-06-10,41018.49038,2829.69038,38188.80000,0.00000,239,0,0,0,0.00000,0.00000,0.00000,0.00000,0,,0,0,0,0.00000,,0,0,0,0
2022-06-11,41018.49038,2829.69038,38188.80000,0.00000,239,0,0,0,0.00000,0.00000,0.00000,0.00000,0,,0,0,0,0.00000,,0,0,0,0
2022-06-12,40154.49038,2829.69038,37324.80000,0.00000,238,0,0,0,0.00000,0.00000,0.00000,0.00000,0,,0,0,0,0.00000,,0,0,0,0
2022-06-13,40448.25038,2829.69038,37618.56000,0.00000,239,2,0,0,0.00000,0.00000,0.00000,0.00000,0,,0,0,0,0.00000,,0,0,0,0
2022-06-14,40476.00722,2857.44722,37618.56000,0.00000,240,1,0,0,0.00000,0.00000,0.00000,0.00000,0,,0,0,0,0.00000,,0,0,0,0
2022-06-15,40485.94353,2867.38353,37618.56000,0.00000,240,1,0,1,0.00000,0.00000,200.00000,0.00000,0,,0,0,0,0.00000,,0,0,0,0
2022-06-16,40485.94353,2867.38353,37618.56000,0.00000,240,0,0,0,0.00000,0.00000,0.00000,0.00000,0,,0,0,0,0.00000,,0,0,0,0
2022-06-17,40485.94353,2867.38353,37618.56000,0.00000,240,0,0,0,0.00000,0.00000,0.00000,0.00000,0,,0,0,0,0.00000,,0,0,0,0
2022-06-18,41075.04187,2868.96187,38206.08000,0.00000,244,4,0,0,0.00000,0.00000,0.00000,0.00000,0,,0,0,0,0.00000,,0,0,0,0
2022-06-19,40988.64187,2868.96187,38119.68000,0.00000,243,0,0,0,0.00000,0.00000,0.00000,0.00000,0,,0,0,0,0.00000,,0,0,0,0
2022-06-20,40988.64187,2868.96187,38119.68000,0.00000,243,0,0,0,0.00000,0.00000,0.00000,0.00000,0,,0,0,0,0.00000,,0,0,0,0
2022-06-21,41282.40187,2868.96187,38413.44000,0.00000,244,1,0,0,0.00000,0.00000,0.00000,0.00000,0,,0,0,0,0.00000,,0,0,0,0
2022-06-22,41283.60866,2870.16866,38413.44000,0.00000,245,1,0,0,0.00000,0.00000,0.00000,0.00000,0,,0,0,0,0.00000,,0,0,0,0
2022-06-23,42147.60866,2870.16866,39277.44000,0.00000,246,1,0,0,0.00000,0.00000,0.00000,0.00000,0,,0,0,0,0.00000,,0,0,0,0
2022-06-24,41093.52866,2870.16866,38223.36000,0.00000,243,0,0,0,0.00000,0.00000,0.00000,0.00000,0,,0,0,0,0.00000,,0,0,0,0
2022-06-25,41098.61219,2875.25219,38223.36000,0.00000,244,1,0,0,0.00000,0.00000,0.00000,0.00000,0,,0,0,0,0.00000,,0,0,0,0
2022-06-26,41498.39996,2877.59996,38620.80000,0.00000,248,4,0,0,0.00000,0.00000,0.00000,0.00000,0,,0,0,0,0.00000,,0,0,0,0
2022-06-27,42362.39996,2877.59996,39484.80000,0.00000,249,1,0,0,0.00000,0.00000,0.00000,0.00000,0,,0,0,0,0.00000,,0,0,0,0
2022-06-28,42362.39996,2877.59996,39484.80000,0.00000,249,0,0,0,0.00000,0.00000,0.00000,0.00000,0,,0,0,0,0.00000,,0,0,0,0
2022-06-29,42782.63008,3004.07008,39778.56000,0.00000,253,4,0,0,0.00000,0.00000,0.00000,0.00000,0,,0,0,0,0.00000,,0,0,0,0
2022-06-30,42592.55008,3004.07008,39588.48000,0.00000,253,1,0,0,0.00000,0.00000,0.00000,0.00000,0,,0,0,0,0.00000,,0,0,0,0
2022-07-01,42747.24518,3072.36518,39674.88000,0.00000,256,3,0,0,0.00000,0.00000,0.00000,0.00000,0,,0,0,0,0.00000,,0,0,0,0
2022-07-02,43677.49265,3138.61265,40538.88000,0.00000,258,2,0,0,0.00000,0.00000,0.00000,0.00000,0,,0,0,0,0.00000,,0,0,0,0
2022-07-03,43611.07863,3279.55863,40331.52000,0.00000,259,2,0,0,0.00000,0.00000,0.00000,0.00000,0,,0,0,0,0.00000,,0,0,0,0
2022-07-04,43611.07863,3279.55863,40331.52000,0.00000,259,0,0,0,0.00000,0.00000,0.00000,0.00000,0,,0,0,0,0.00000,,0,0,0,0
2022-07-05,43612.23391,3280.71391,40331.52000,0.00000,260,1,0,0,0.00000,0.00000,0.00000,0.00000,0,,0,0,0,0.00000,,0,0,0,0
2022-07-06,43612.23391,3280.71391,40331.52000,0.00000,260,0,0,0,0.00000,0.00000,0.00000,0.00000,0,,0,0,0,0.00000,,0,0,0,0
2022-07-07,42748.23391,3280.71391,39467.52000,0.00000,259,0,0,0,0.00000,0.00000,0.00000,0.00000,0,,0,0,0,0.00000,,0,0,0,0
2022-07-08,42748.69148,3281.17148,39467.52000,0.00000,260,1,0,0,0.00000,0.00000,0.00000,0.00000,0,,0,0,0,0.00000,,0,0,0,0
2022-07-09,42748.69148,3281.17148,39467.52000,0.00000,260,0,0,0,0.00000,0.00000,0.00000,0.00000,0,,0,0,0,0.00000,,0,0,0,0
2022-07-10,42749.10013,3281.58013,39467.52000,0.00000,261,1,0,0,0.00000,0.00000,0.00000,0.00000,0,,0,0,0,0.00000,,0,0,0,0
2022-07-11,43042.86013,3281.58013,39761.28000,0.00000,262,1,0,0,0.00000,0.00000,0.00000,0.00000,0,,0,0,0,0.00000,,0,0,0,0
2022-07-12,43043.73716,3282.45716,39761.28000,0.00000,263,1,0,0,0.00000,0.00000,0.00000,0.00000,0,,0,0,0,0.00000,,0,0,0,0
2022-07-13,43054.24433,3292.96433,39761.28000,0.00000,264,1,0,0,0.00000,0.00000,0.00000,0.00000,0,,0,0,0,0.00000,,0,0,0,0
2022-07-14,43054.24433,3292.96433,39761.28000,0.00000,264,0,0,0,0.00000,0.00000,0.00000,0.00000,0,,0,0,0,0.00000,,0,0,0,0
2022-07-15,43140.99352,3293.31352,39847.68000,0.00000,266,2,0,0,0.00000,0.00000,0.00000,0.00000,0,,0,0,0,0.00000,,0,0,0,0
2022-07-16,43140.99352,3293.31352,39847.68000,0.00000,266,0,0,0,0.00000,0.00000,0.00000,0.00000,0,,0,0,0,0.00000,,0,0,0,0
2022-07-17,43228.18965,3294.10965,39934.08000,0.00000,268,2,0,0,0.00000,0.00000,0.00000,0.00000,0,,0,0,0,0.00000,,0,0,0,0
2022-07-18,43228.18965,3294.10965,39934.08000,0.00000,268,0,0,0,0.00000,0.00000,0.00000,0.00000,0,,0,0,0,0.00000,,0,0,0,0
2022-07-19,44091.74457,3293.66457,40798.08000,0.00000,267,1,0,2,0.00000,0.00000,400.00000,0.00000,0,,0,0,0,0.00000,,0,0,0,0
2022-07-20,44093.20000,3295.12000,40798.08000,0.00000,269,2,0,0,0.00000,0.00000,0.00000,0.00000,0,,0,0,0,0.00000,,0,0,0,0
2022-07-21,44093.20000,3295.12000,40798.08000,0.00000,269,0,0,0,0.00000,0.00000,0.00000,0.00000,0,,0,0,0,0.00000,,0,0,0,0
2022-07-22,44493.27872,3297.75872,41195.52000,0.00000,272,3,0,0,0.00000,0.00000,0.00000,0.00000,0,,0,0,0,0.00000,,0,0,0,0
2022-07-23,44599.49654,3300.29654,41299.20000,0.00000,274,2,0,0,0.00000,0.00000,0.00000,0.00000,0,,0,0,0,0.00000,,0,0,0,0
2022-07-24,44632.35302,3333.15302,41299.20000,0.00000,275,1,0,0,0.00000,0.00000,0.00000,0.00000,0,,0,0,0,0.00000,,0,0,0,0
2022-07-25,44633.19262,3333.99262,41299.20000,0.00000,276,1,0,0,0.00000,0.00000,0.00000,0.00000,0,,0,0,0,0.00000,,0,0,0,0
2022-07-26,44635.09198,3335.89198,41299.20000,0.00000,277,1,0,0,0.00000,0.00000,0.00000,0.00000,0,,0,0,0,0.00000,,0,0,0,0
2022-07-27,44738.50761,3335.62761,41402.88000,0.00000,277,1,0,1,0.00000,0.00000,200.00000,0.00000,0,,0,0,0,0.00000,,0,0,0,0
2022-07-28,43876.66489,3337.78489,40538.88000,0.00000,278,2,0,0,0.00000,0.00000,0.00000,0.00000,0,,0,0,0,0.00000,,0,0,0,0
2022-07-29,43876.66489,3337.78489,40538.88000,0.00000,278,0,0,0,0.00000,0.00000,0.00000,0.00000,0,,0,0,0,0.00000,,0,0,0,0
2022-07-30,43487.10911,3345.66911,40141.44000,0.00000,277,1,0,0,0.00000,0.00000,0.00000,0.00000,0,,0,0,0,0.00000,,0,0,0,0
2022-07-31,43487.10911,3345.66911,40141.44000,0.00000,277,0,0,0,0.00000,0.00000,0.00000,0.00000,0,,0,0,0,0.00000,,0,0,0,0
2022-08-01,43590.78911,3345.66911,40245.12000,0.00000,278,1,0,0,0.00000,0.00000,0.00000,0.00000,0,,0,0,0,0.00000,,0,0,0,0
2022-08-02,43610.21264,3365.09264,40245.12000,0.00000,279,1,0,0,0.00000,0.00000,0.00000,0.00000,0,,0,0,0,0.00000,,0,0,0,0
2022-08-03,42849.89264,3365.09264,39484.80000,0.00000,279,1,0,0,0.00000,0.00000,0.00000,0.00000,0,,0,0,0,0.00000,,0,0,0,0
2022-08-04,42849.89264,3365.09264,39484.80000,0.00000,279,0,0,0,0.00000,0.00000,0.00000,0.00000,0,,0,0,0,0.00000,,0,0,0,0
2022-08-05,42849.83908,3365.03908,39484.80000,0.00000,278,0,0,1,0.00000,0.00000,200.00000,0.00000,0,,0,0,0,0.00000,,0,0,0,0
2022-08-06,42565.68168,3374.64168,39191.04000,0.00000,280,3,0,0,0.00000,0.00000,0.00000,0.00000,0,,0,0,0,0.00000,,0,0,0,0
2022-08-07,41995.44168,3374.64168,38620.80000,0.00000,280,1,0,0,0.00000,0.00000,0.00000,0.00000,0,,0,0,0,0.00000,,0,0,0,0
2022-08-08,41995.44168,3374.64168,38620.80000,0.00000,280,1,0,0,0.00000,0.00000,0.00000,0.00000,0,,0,0,0,0.00000,,0,0,0,0
2022-08-09,41999.90962,3379.10962,38620.80000,0.00000,281,1,0,0,0.00000,0.00000,0.00000,0.00000,0,,0,0,0,0.00000,,0,0,0,0
2022-08-10,41999.90962,3379.10962,38620.80000,0.00000,281,0,0,0,0.00000,0.00000,0.00000,0.00000,0,,0,0,0,0.00000,,0,0,0,0
2022-08-11,42000.44025,3379.64025,38620.80000,0.00000,282,1,0,0,0.00000,0.00000,0.00000,0.00000,0,,0,0,0,0.00000,,0,0,0,0
2022-08-12,42003.44837,3382.64837,38620.80000,0.00000,283,2,0,1,0.00000,0.00000,200.00000,0.00000,0,,0,0,0,0.00000,,0,0,0,0
2022-08-13,42763.77408,3382.65408,39381.12000,0.00000,284,2,0,0,0.00000,0.00000,0.00000,0.00000,0,,0,0,0,0.00000,,0,0,0,0
2022-08-14,43627.77408,3382.65408,40245.12000,0.00000,285,1,0,0,0.00000,0.00000,0.00000,0.00000,0,,0,0,0,0.00000,,0,0,0,0
2022-08-15,43627.77408,3382.65408,40245.12000,0.00000,285,0,0,0,0.00000,0.00000,0.00000,0.00000,0,,0,0,0,0.00000,,0,0,0,0
2022-08-16,43627.74364,3382.62364,40245.12000,0.00000,284,0,0,1,0.00000,0.00000,200.00000,0.00000,0,,0,0,0,0.00000,,0,0,0,0
2022-08-17,43348.44304,3397.08304,39951.36000,0.00000,284,1,0,0,0.00000,0.00000,0.00000,0.00000,0,,0,0,0,0.00000,,0,0,0,0
2022-08-18,44241.87545,3996.75545,40245.12000,0.00000,286,2,0,0,0.00000,0.00000,0.00000,0.00000,0,,0,0,0,0.00000,,0,0,0,0
2022-08-19,44826.01170,4010.65170,40815.36000,0.00000,287,2,0,0,0.00000,0.00000,0.00000,0.00000,0,,0,0,0,0.00000,,0,0,0,0
2022-08-20,46603.76772,4060.40772,42543.36000,0.00000,290,3,0,0,0.00000,0.00000,0.00000,0.00000,0,,0,0,0,0.00000,,0,0,0,0
2022-08-21,44875.76772,4060.40772,40815.36000,0.00000,288,0,0,0,0.00000,0.00000,0.00000,0.00000,0,,0,0,0,0.00000,,0,0,0,0
2022-08-22,44986.90231,4067.86231,40919.04000,0.00000,290,2,0,0,0.00000,0.00000,0.00000,0.00000,0,,0,0,0,0.00000,,0,0,0,0
2022-08-23,44693.42833,4068.14833,40625.28000,0.00000,290,1,0,0,0.00000,0.00000,0.00000,0.00000,0,,0,0,0,0.00000,,0,0,0,0
2022-08-24,44782.49272,4157.21272,40625.28000,0.00000,293,3,0,0,0.00000,0.00000,0.00000,0.00000,0,,0,0,0,0.00000,,0,0,0,0
2022-08-25,44782.49272,4157.21272,40625.28000,0.00000,293,0,0,0,0.00000,0.00000,0.00000,0.00000,0,,0,0,0,0.00000,,0,0,0,0
2022-08-26,44785.08822,4159.80822,40625.28000,0.00000,294,1,0,0,0.00000,0.00000,0.00000,0.00000,0,,0,0,0,0.00000,,0,0,0,0
2022-08-27,44785.08822,4159.80822,40625.28000,0.00000,294,0,0,0,0.00000,0.00000,0.00000,0.00000,0,,0,0,0,0.00000,,0,0,0,0
2022-08-28,44785.08822,4159.80822,40625.28000,0.00000,294,0,0,0,0.00000,0.00000,0.00000,0.00000,0,,0,0,0,0.00000,,0,0,0,0
2022-08-29,44786.71737,4161.43737,40625.28000,0.00000,295,1,0,0,0.00000,0.00000,0.00000,0.00000,0,,0,0,0,0.00000,,0,0,0,0
2022-08-30,44701.09778,4162.21778,40538.88000,0.00000,295,1,0,0,0.00000,0.00000,0.00000,0.00000,0,,0,0,0,0.00000,,0,0,0,0
2022-08-31,44703.09946,4164.21946,40538.88000,0.00000,296,2,0,1,0.00000,0.00000,200.00000,0.00000,0,,0,0,0,0.00000,,0,0,0,0
2022-09-01,44765.61527,4226.73527,40538.88000,0.00000,297,1,0,0,0.00000,0.00000,0.00000,0.00000,0,,0,0,0,0.00000,,0,0,0,0
2022-09-02,45059.37527,4226.73527,40832.64000,0.00000,298,1,0,0,0.00000,0.00000,0.00000,0.00000,0,,0,0,0,0.00000,,0,0,0,0
2022-09-03,44955.69527,4226.73527,40728.96000,0.00000,299,2,0,0,0.00000,0.00000,0.00000,0.00000,0,,0,0,0,0.00000,,0,0,0,0
2022-09-04,44765.61527,4226.73527,40538.88000,0.00000,297,0,0,0,0.00000,0.00000,0.00000,0.00000,0,,0,0,0,0.00000,,0,0,0,0
2022-09-05,44679.21527,4226.73527,40452.48000,0.00000,296,0,0,0,0.00000,0.00000,0.00000,0.00000,0,,0,0,0,0.00000,,0,0,0,0
2022-09-06,44385.45527,4226.73527,40158.72000,0.00000,295,0,0,0,0.00000,0.00000,0.00000,0.00000,0,,0,0,0,0.00000,,0,0,0,0
2022-09-07,44385.45527,4226.73527,40158.72000,0.00000,295,0,0,0,0.00000,0.00000,0.00000,0.00000,0,,0,0,0,0.00000,,0,0,0,0
2022-09-08,44750.17549,4677.85549,40072.32000,0.00000,295,1,0,0,0.00000,0.00000,0.00000,0.00000,0,,0,0,0,0.00000,,0,0,0,0
2022-09-09,44750.37100,4678.05100,40072.32000,0.00000,296,2,0,0,0.00000,0.00000,0.00000,0.00000,0,,0,0,0,0.00000,,0,0,0,0
2022-09-10,44750.97918,4678.65918,40072.32000,0.00000,297,1,0,0,0.00000,0.00000,0.00000,0.00000,0,,0,0,0,0.00000,,0,0,0,0
2022-09-11,44750.97918,4678.65918,40072.32000,0.00000,297,0,0,0,0.00000,0.00000,0.00000,0.00000,0,,0,0,0,0.00000,,0,0,0,0
2022-09-12,44750.97918,4678.65918,40072.32000,0.00000,297,0,0,0,0.00000,0.00000,0.00000,0.00000,0,,0,0,0,0.00000,,0,0,0,0
2022-09-13,44832.43997,4760.11997,40072.32000,0.00000,299,2,0,0,0.00000,0.00000,0.00000,0.00000,0,,0,0,0,0.00000,,0,0,0,0
2022-09-14,44748.47707,4762.55707,39985.92000,0.00000,299,1,0,0,0.00000,0.00000,0.00000,0.00000,0,,0,0,0,0.00000,,0,0,0,0
2022-09-15,44748.47707,4762.55707,39985.92000,0.00000,299,0,0,0,0.00000,0.00000,0.00000,0.00000,0,,0,0,0,0.00000,,0,0,0,0
2022-09-16,44662.07707,4762.55707,39899.52000,0.00000,298,0,0,0,0.00000,0.00000,0.00000,0.00000,0,,0,0,0,0.00000,,0,0,0,0
2022-09-17,43961.51325,4822.31325,39139.20000,0.00000,300,3,0,0,0.00000,0.00000,0.00000,0.00000,0,,0,0,0,0.00000,,0,0,0,0
2022-09-18,43961.51325,4822.31325,39139.20000,0.00000,300,0,0,0,0.00000,0.00000,0.00000,0.00000,0,,0,0,0,0.00000,,0,0,0,0
2022-09-19,43962.74645,4823.54645,39139.20000,0.00000,301,1,0,0,0.00000,0.00000,0.00000,0.00000,0,,0,0,0,0.00000,,0,0,0,0
2022-09-20,44256.69285,4823.73285,39432.96000,0.00000,303,2,0,0,0.00000,0.00000,0.00000,0.00000,0,,0,0,0,0.00000,,0,0,0,0
2022-09-21,45120.69285,4823.73285,40296.96000,0.00000,304,1,0,0,0.00000,0.00000,0.00000,0.00000,0,,0,0,0,0.00000,,0,0,0,0
2022-09-22,44830.33966,4827.13966,40003.20000,0.00000,304,1,0,0,0.00000,0.00000,0.00000,0.00000,0,,0,0,0,0.00000,,0,0,0,0
2022-09-23,44844.03499,4840.83499,40003.20000,0.00000,305,1,0,0,0.00000,0.00000,0.00000,0.00000,0,,0,0,0,0.00000,,0,0,0,0
2022-09-24,44844.03499,4840.83499,40003.20000,0.00000,305,0,0,0,0.00000,0.00000,0.00000,0.00000,0,,0,0,0,0.00000,,0,0,0,0
2022-09-25,43582.73863,4840.97863,38741.76000,0.00000,303,1,0,0,0.00000,0.00000,0.00000,0.00000,0,,0,0,0,0.00000,,0,0,0,0
2022-09-26,42776.12829,4898.36829,37877.76000,0.00000,304,2,0,0,0.00000,0.00000,0.00000,0.00000,0,,0,0,0,0.00000,,0,0,0,0
2022-09-27,43010.74816,5132.98816,37877.76000,0.00000,307,3,0,0,0.00000,0.00000,0.00000,0.00000,0,,0,0,0,0.00000,,0,0,0,0
2022-09-28,43010.74816,5132.98816,37877.76000,0.00000,307,1,0,0,0.00000,0.00000,0.00000,0.00000,0,,0,0,0,0.00000,,0,0,0,0
2022-09-29,43097.26924,5133.10924,37964.16000,0.00000,309,2,0,0,0.00000,0.00000,0.00000,0.00000,0,,0,0,0,0.00000,,0,0,0,0
2022-09-30,43096.90421,5132.74421,37964.16000,0.00000,308,0,0,1,0.00000,0.00000,200.00000,0.00000,0,,0,0,0,0.00000,,0,0,0,0
2022-10-01,43096.90421,5132.74421,37964.16000,0.00000,308,0,0,0,0.00000,0.00000,0.00000,0.00000,0,,0,0,0,0.00000,,0,0,0,0
2022-10-02,43118.36646,5154.20646,37964.16000,0.00000,309,1,0,0,0.00000,0.00000,0.00000,0.00000,0,,0,0,0,0.00000,,0,0,0,0
2022-10-03,43118.36646,5154.20646,37964.16000,0.00000,309,0,0,0,0.00000,0.00000,0.00000,0.00000,0,,0,0,0,0.00000,,0,0,0,0
2022-10-04,43328.66642,5157.14642,38171.52000,0.00000,310,2,0,0,0.00000,0.00000,0.00000,0.00000,0,,0,0,0,0.00000,,0,0,0,0
2022-10-05,43328.66642,5157.14642,38171.52000,0.00000,310,0,0,0,0.00000,0.00000,0.00000,0.00000,0,,0,0,0,0.00000,,0,0,0,0
2022-10-06,43344.94554,5173.42554,38171.52000,0.00000,311,1,0,0,0.00000,0.00000,0.00000,0.00000,0,,0,0,0,0.00000,,0,0,0,0
2022-10-07,44263.80768,5228.28768,39035.52000,0.00000,313,3,0,1,0.00000,0.00000,200.00000,0.00000,0,,0,0,0,0.00000,,0,0,0,0
2022-10-08,44269.01835,5233.49835,39035.52000,0.00000,313,1,0,1,0.00000,0.00000,200.00000,0.00000,0,,0,0,0,0.00000,,0,0,0,0
2022-10-09,44269.01835,5233.49835,39035.52000,0.00000,313,0,0,0,0.00000,0.00000,0.00000,0.00000,0,,0,0,0,0.00000,,0,0,0,0
2022-10-10,44273.57022,5238.05022,39035.52000,0.00000,314,1,0,0,0.00000,0.00000,0.00000,0.00000,0,,0,0,0,0.00000,,0,0,0,0
2022-10-11,43979.81022,5238.05022,38741.76000,0.00000,313,0,0,0,0.00000,0.00000,0.00000,0.00000,0,,0,0,0,0.00000,,0,0,0,0
2022-10-12,44844.59592,5238.83592,39605.76000,0.00000,315,3,0,1,0.00000,0.00000,200.00000,0.00000,0,,0,0,0,0.00000,,0,0,0,0
2022-10-13,44613.83570,5301.83570,39312.00000,0.00000,317,3,0,0,0.00000,0.00000,0.00000,0.00000,0,,0,0,0,0.00000,,0,0,0,0
2022-10-14,43663.43570,5301.83570,38361.60000,0.00000,315,0,0,0,0.00000,0.00000,0.00000,0.00000,0,,0,0,0,0.00000,,0,0,0,0
2022-10-15,43663.32126,5301.72126,38361.60000,0.00000,314,0,0,1,0.00000,0.00000,200.00000,0.00000,0,,0,0,0,0.00000,,0,0,0,0
2022-10-16,43957.80832,5302.44832,38655.36000,0.00000,316,2,0,0,0.00000,0.00000,0.00000,0.00000,0,,0,0,0,0.00000,,0,0,0,0
2022-10-17,43979.14091,5323.78091,38655.36000,0.00000,317,1,0,0,0.00000,0.00000,0.00000,0.00000,0,,0,0,0,0.00000,,0,0,0,0
2022-10-18,43979.14091,5323.78091,38655.36000,0.00000,317,0,0,0,0.00000,0.00000,0.00000,0.00000,0,,0,0,0,0.00000,,0,0,0,0
2022-10-19,44034.74954,5379.38954,38655.36000,0.00000,318,1,0,0,0.00000,0.00000,0.00000,0.00000,0,,0,0,0,0.00000,,0,0,0,0
2022-10-20,44034.74954,5379.38954,38655.36000,0.00000,318,0,0,0,0.00000,0.00000,0.00000,0.00000,0,,0,0,0,0.00000,,0,0,0,0
2022-10-21,44034.74954,5379.38954,38655.36000,0.00000,318,0,0,0,0.00000,0.00000,0.00000,0.00000,0,,0,0,0,0.00000,,0,0,0,0
2022-10-22,44345.11596,5395.99596,38949.12000,0.00000,320,3,0,1,0.00000,0.00000,200.00000,0.00000,0,,0,0,0,0.00000,,0,0,0,0
2022-10-23,44418.93751,5469.81751,38949.12000,0.00000,321,1,0,0,0.00000,0.00000,0.00000,0.00000,0,,0,0,0,0.00000,,0,0,0,0
2022-10-24,44418.93751,5469.81751,38949.12000,0.00000,321,0,0,0,0.00000,0.00000,0.00000,0.00000,0,,0,0,0,0.00000,,0,0,0,0
2022-10-25,44424.70929,5475.58929,38949.12000,0.00000,322,1,0,0,0.00000,0.00000,0.00000,0.00000,0,,0,0,0,0.00000,,0,0,0,0
2022-10-26,45642.99168,5536.11168,40106.88000,0.00000,325,3,0,0,0.00000,0.00000,0.00000,0.00000,0,,0,0,0,0.00000,,0,0,0,0
2022-10-27,45988.64589,5588.00589,40400.64000,0.00000,329,4,0,0,0.00000,0.00000,0.00000,0.00000,0,,0,0,0,0.00000,,0,0,0,0
2022-10-28,46050.72594,5650.08594,40400.64000,0.00000,330,1,0,0,0.00000,0.00000,0.00000,0.00000,0,,0,0,0,0.00000,,0,0,0,0
2022-10-29,46050.72594,5650.08594,40400.64000,0.00000,330,0,0,0,0.00000,0.00000,0.00000,0.00000,0,,0,0,0,0.00000,,0,0,0,0
2022-10-30,46050.72594,5650.08594,40400.64000,0.00000,330,0,0,0,0.00000,0.00000,0.00000,0.00000,0,,0,0,0,0.00000,,0,0,0,0
2022-10-31,46039.08785,5655.72785,40383.36000,0.00000,331,2,0,0,0.00000,0.00000,0.00000,0.00000,0,,0,0,0,0.00000,,0,0,0,0
2022-11-01,46039.08785,5655.72785,40383.36000,0.00000,331,0,0,0,0.00000,0.00000,0.00000,0.00000,0,,0,0,0,0.00000,,0,0,0,0
2022-11-02,46039.08785,5655.72785,40383.36000,0.00000,331,0,0,0,0.00000,0.00000,0.00000,0.00000,0,,0,0,0,0.00000,,0,0,0,0
2022-11-03,45853.45547,5677.45547,40176.00000,0.00000,330,1,0,0,0.00000,0.00000,0.00000,0.00000,0,,0,0,0,0.00000,,0,0,0,0
2022-11-04,45853.45547,5677.45547,40176.00000,0.00000,330,0,0,0,0.00000,0.00000,0.00000,0.00000,0,,0,0,0,0.00000,,0,0,0,0
2022-11-05,46147.21547,5677.45547,40469.76000,0.00000,331,1,0,0,0.00000,0.00000,0.00000,0.00000,0,,0,0,0,0.00000,,0,0,0,0
2022-11-06,47011.21547,5677.45547,41333.76000,0.00000,332,1,0,0,0.00000,0.00000,0.00000,0.00000,0,,0,0,0,0.00000,,0,0,0,0
2022-11-07,47114.89547,5677.45547,41437.44000,0.00000,333,1,0,0,0.00000,0.00000,0.00000,0.00000,0,,0,0,0,0.00000,,0,0,0,0
2022-11-08,47270.15285,5832.71285,41437.44000,0.00000,334,1,0,0,0.00000,0.00000,0.00000,0.00000,0,,0,0,0,0.00000,,0,0,0,0
2022-11-09,48899.73214,6408.21214,42491.52000,0.00000,339,5,0,0,0.00000,0.00000,0.00000,0.00000,0,,0,0,0,0.00000,,0,0,0,0
2022-11-10,49358.93031,6971.09031,42387.84000,0.00000,340,2,0,0,0.00000,0.00000,0.00000,0.00000,0,,0,0,0,0.00000,,0,0,0,0
2022-11-11,49652.60298,6971.00298,42681.60000,0.00000,340,1,0,1,0.00000,0.00000,200.00000,0.00000,0,,0,0,0,0.00000,,0,0,0,0
2022-11-12,49566.20298,6971.00298,42595.20000,0.00000,339,0,0,0,0.00000,0.00000,0.00000,0.00000,0,,0,0,0,0.00000,,0,0,0,0
2022-11-13,49363.98386,6976.14386,42387.84000,0.00000,338,1,0,0,0.00000,0.00000,0.00000,0.00000,0,,0,0,0,0.00000,,0,0,0,0
2022-11-14,49363.98386,6976.14386,42387.84000,0.00000,338,0,0,0,0.00000,0.00000,0.00000,0.00000,0,,0,0,0,0.00000,,0,0,0,0
2022-11-15,48499.98386,6976.14386,41523.84000,0.00000,337,0,0,0,0.00000,0.00000,0.00000,0.00000,0,,0,0,0,0.00000,,0,0,0,0
2022-11-16,48586.38386,6976.14386,41610.24000,0.00000,338,1,0,0,0.00000,0.00000,0.00000,0.00000,0,,0,0,0,0.00000,,0,0,0,0
2022-11-17,48568.91658,6975.95658,41592.96000,0.00000,337,1,0,1,0.00000,0.00000,200.00000,0.00000,0,,0,0,0,0.00000,,0,0,0,0
2022-11-18,48672.59658,6975.95658,41696.64000,0.00000,338,1,0,0,0.00000,0.00000,0.00000,0.00000,0,,0,0,0,0.00000,,0,0,0,0
2022-11-19,48672.59658,6975.95658,41696.64000,0.00000,338,0,0,0,0.00000,0.00000,0.00000,0.00000,0,,0,0,0,0.00000,,0,0,0,0
2022-11-20,48674.70597,6978.06597,41696.64000,0.00000,339,1,0,0,0.00000,0.00000,0.00000,0.00000,0,,0,0,0,0.00000,,0,0,0,0
2022-11-21,48674.70597,6978.06597,41696.64000,0.00000,339,0,0,0,0.00000,0.00000,0.00000,0.00000,0,,0,0,0,0.00000,,0,0,0,0
2022-11-22,48589.56476,6979.32476,41610.24000,0.00000,338,1,0,1,0.00000,0.00000,200.00000,0.00000,0,,0,0,0,0.00000,,0,0,0,0
2022-11-23,48589.41288,6979.17288,41610.24000,0.00000,337,1,0,1,0.00000,0.00000,200.00000,0.00000,0,,0,0,0,0.00000,,0,0,0,0
2022-11-24,48700.79083,6986.87083,41713.92000,0.00000,340,3,0,0,0.00000,0.00000,0.00000,0.00000,0,,0,0,0,0.00000,,0,0,0,0
2022-11-25,48715.80941,7001.88941,41713.92000,0.00000,342,2,0,0,0.00000,0.00000,0.00000,0.00000,0,,0,0,0,0.00000,,0,0,0,0
2022-11-26,48751.38719,7037.46719,41713.92000,0.00000,343,1,0,0,0.00000,0.00000,0.00000,0.00000,0,,0,0,0,0.00000,,0,0,0,0
2022-11-27,49010.80278,7193.20278,41817.60000,0.00000,345,2,0,0,0.00000,0.00000,0.00000,0.00000,0,,0,0,0,0.00000,,0,0,0,0
2022-11-28,49010.55040,7192.95040,41817.60000,0.00000,344,0,0,1,0.00000,0.00000,200.00000,0.00000,0,,0,0,0,0.00000,,0,0,0,0
2022-11-29,49010.55040,7192.95040,41817.60000,0.00000,344,0,0,0,0.00000,0.00000,0.00000,0.00000,0,,0,0,0,0.00000,,0,0,0,0
2022-11-30,48235.72153,7195.72153,41040.00000,0.00000,345,2,0,0,0.00000,0.00000,0.00000,0.00000,0,,0,0,0,0.00000,,0,0,0,0
2022-12-01,48400.12262,7360.12262,41040.00000,0.00000,346,1,0,0,0.00000,0.00000,0.00000,0.00000,0,,0,0,0,0.00000,,0,0,0,0
2022-12-02,47560.52207,7384.52207,40176.00000,0.00000,346,1,0,0,0.00000,0.00000,0.00000,0.00000,0,,0,0,0,0.00000,,0,0,0,0
2022-12-03,47690.45631,7410.77631,40279.68000,0.00000,351,5,0,0,0.00000,0.00000,0.00000,0.00000,0,,0,0,0,0.00000,,0,0,0,0
2022-12-04,47690.45631,7410.77631,40279.68000,0.00000,351,0,0,0,0.00000,0.00000,0.00000,0.00000,0,,0,0,0,0.00000,,0,0,0,0
2022-12-05,47794.25056,7514.57056,40279.68000,0.00000,351,1,0,1,0.00000,0.00000,200.00000,0.00000,0,,0,0,0,0.00000,,0,0,0,0
2022-12-06,47899.53309,7516.17309,40383.36000,0.00000,353,2,0,0,0.00000,0.00000,0.00000,0.00000,0,,0,0,0,0.00000,,0,0,0,0
2022-12-07,48763.53309,7516.17309,41247.36000,0.00000,354,1,0,0,0.00000,0.00000,0.00000,0.00000,0,,0,0,0,0.00000,,0,0,0,0
2022-12-08,48677.13309,7516.17309,41160.96000,0.00000,353,0,0,0,0.00000,0.00000,0.00000,0.00000,0,,0,0,0,0.00000,,0,0,0,0
2022-12-09,48677.00040,7516.04040,41160.96000,0.00000,352,0,0,1,0.00000,0.00000,200.00000,0.00000,0,,0,0,0,0.00000,,0,0,0,0
2022-12-10,48699.17907,7538.21907,41160.96000,0.00000,354,2,0,0,0.00000,0.00000,0.00000,0.00000,0,,0,0,0,0.00000,,0,0,0,0
2022-12-11,48891.96023,7540.92023,41351.04000,0.00000,356,3,0,0,0.00000,0.00000,0.00000,0.00000,0,,0,0,0,0.00000,,0,0,0,0
2022-12-12,48604.64247,7547.36247,41057.28000,0.00000,356,1,0,0,0.00000,0.00000,0.00000,0.00000,0,,0,0,0,0.00000,,0,0,0,0
2022-12-13,48708.69280,7651.41280,41057.28000,0.00000,357,1,0,0,0.00000,0.00000,0.00000,0.00000,0,,0,0,0,0.00000,,0,0,0,0
2022-12-14,49002.45280,7651.41280,41351.04000,0.00000,358,1,0,0,0.00000,0.00000,0.00000,0.00000,0,,0,0,0,0.00000,,0,0,0,0
2022-12-15,49780.53952,7651.89952,42128.64000,0.00000,359,2,0,0,0.00000,0.00000,0.00000,0.00000,0,,0,0,0,0.00000,,0,0,0,0
2022-12-16,50866.98396,7874.34396,42992.64000,0.00000,361,2,0,0,0.00000,0.00000,0.00000,0.00000,0,,0,0,0,0.00000,,0,0,0,0
2022-12-17,50008.03413,7879.39413,42128.64000,0.00000,361,1,0,0,0.00000,0.00000,0.00000,0.00000,0,,0,0,0,0.00000,,0,0,0,0
2022-12-18,50163.84440,8035.20440,42128.64000,0.00000,363,2,0,0,0.00000,0.00000,0.00000,0.00000,0,,0,0,0,0.00000,,0,0,0,0
2022-12-19,50164.76035,8036.12035,42128.64000,0.00000,364,1,0,0,0.00000,0.00000,0.00000,0.00000,0,,0,0,0,0.00000,,0,0,0,0
2022-12-20,49341.85648,8077.21648,41264.64000,0.00000,364,1,0,0,0.00000,0.00000,0.00000,0.00000,0,,0,0,0,0.00000,,0,0,0,0
2022-12-21,49341.85648,8077.21648,41264.64000,0.00000,364,0,0,0,0.00000,0.00000,0.00000,0.00000,0,,0,0,0,0.00000,,0,0,0,0
2022-12-22,49341.85648,8077.21648,41264.64000,0.00000,364,0,0,0,0.00000,0.00000,0.00000,0.00000,0,,0,0,0,0.00000,,0,0,0,0
2022-12-23,49341.85648,8077.21648,41264.64000,0.00000,364,0,0,0,0.00000,0.00000,0.00000,0.00000,0,,0,0,0,0.00000,,0,0,0,0
2022-12-24,49643.24449,8084.84449,41558.40000,0.00000,366,2,0,0,0.00000,0.00000,0.00000,0.00000,0,,0,0,0,0.00000,,0,0,0,0
2022-12-25,49764.20449,8084.84449,41679.36000,0.00000,367,2,0,0,0.00000,0.00000,0.00000,0.00000,0,,0,0,0,0.00000,,0,0,0,0
2022-12-26,50023.40449,8084.84449,41938.56000,0.00000,370,3,0,0,0.00000,0.00000,0.00000,0.00000,0,,0,0,0,0.00000,,0,0,0,0
2022-12-27,49729.64449,8084.84449,41644.80000,0.00000,369,0,0,0,0.00000,0.00000,0.00000,0.00000,0,,0,0,0,0.00000,,0,0,0,0
2022-12-28,49730.10129,8085.30129,41644.80000,0.00000,370,1,0,0,0.00000,0.00000,0.00000,0.00000,0,,0,0,0,0.00000,,0,0,0,0
2022-12-29,50014.88425,8370.08425,41644.80000,0.00000,371,1,0,0,0.00000,0.00000,0.00000,0.00000,0,,0,0,0,0.00000,,0,0,0,0
2022-12-30,50118.56425,8370.08425,41748.48000,0.00000,372,1,0,0,0.00000,0.00000,0.00000,0.00000,0,,0,0,0,0.00000,,0,0,0,0
2022-12-31,50121.26294,8372.78294,41748.48000,0.00000,374,2,0,0,0.00000,0.00000,0.00000,0.00000,0,,0,0,0,0.00000,,0,0,0,0
